AagrBONN_evm.model.Sc2ySwM_228.4538.1,BEL
AagrBONN_evm.model.Sc2ySwM_368.1986.8,BEL
AagrBONN_evm.model.Sc2ySwM_368.1986.6,BEL
AagrBONN_evm.model.Sc2ySwM_368.1986.7,BEL
AagrBONN_evm.model.Sc2ySwM_117.274.4,DDT
AagrBONN_evm.model.Sc2ySwM_117.274.1,DDT
AagrBONN_evm.model.Sc2ySwM_117.274.2,DDT
AagrBONN_evm.model.Sc2ySwM_117.274.3,DDT
AagrBONN_evm.model.Sc2ySwM_344.1599.4,DDT
AagrBONN_evm.model.Sc2ySwM_344.1599.2,DDT
AagrBONN_evm.model.Sc2ySwM_344.1599.1,DDT
AagrBONN_evm.model.Sc2ySwM_344.1599.8,DDT
AagrBONN_evm.model.Sc2ySwM_344.1599.5,DDT
AagrBONN_evm.model.Sc2ySwM_344.1599.6,DDT
AagrBONN_evm.model.Sc2ySwM_344.1599.3,DDT
AagrBONN_evm.model.Sc2ySwM_344.1599.7,DDT
AagrBONN_evm.model.Sc2ySwM_362.879.1,HD-ZIP_I
AagrBONN_evm.model.Sc2ySwM_228.2794.1,HD-ZIP_I
AagrBONN_evm.model.Sc2ySwM_340.417.1,HD-ZIP_I
AagrBONN_evm.model.Sc2ySwM_117.1606.1,HD-ZIP_I
AagrBONN_evm.model.Sc2ySwM_117.3491.1,HD-ZIP_I
AagrBONN_evm.model.Sc2ySwM_117.2994.1,HD-ZIP_I
AagrBONN_evm.model.Sc2ySwM_344.3068.2,HD-ZIP_I
AagrBONN_evm.model.Sc2ySwM_344.3068.3,HD-ZIP_I
AagrBONN_evm.model.Sc2ySwM_344.3068.1,HD-ZIP_I
AagrBONN_evm.model.Sc2ySwM_228.1922.1,HD-ZIP_I
AagrBONN_evm.model.Sc2ySwM_228.1922.2,HD-ZIP_I
AagrBONN_evm.model.Sc2ySwM_228.1922.4,HD-ZIP_I
AagrBONN_evm.model.Sc2ySwM_228.1922.3,HD-ZIP_I
AagrBONN_evm.model.Sc2ySwM_117.2512.1,HD-ZIP_I
AagrBONN_evm.model.Sc2ySwM_117.3002.1,HD-ZIP_I
AagrBONN_evm.model.Sc2ySwM_344.198.1,HD-ZIP_I
AagrBONN_evm.model.Sc2ySwM_344.198.2,HD-ZIP_I
AagrBONN_evm.model.Sc2ySwM_340.417.1,HD-ZIP_II
AagrBONN_evm.model.Sc2ySwM_362.879.1,HD-ZIP_II
AagrBONN_evm.model.Sc2ySwM_117.1606.1,HD-ZIP_II
AagrBONN_evm.model.Sc2ySwM_228.2794.1,HD-ZIP_II
AagrBONN_evm.model.Sc2ySwM_117.3491.1,HD-ZIP_II
AagrBONN_evm.model.Sc2ySwM_344.3068.1,HD-ZIP_II
AagrBONN_evm.model.Sc2ySwM_344.3068.2,HD-ZIP_II
AagrBONN_evm.model.Sc2ySwM_344.3068.3,HD-ZIP_II
AagrBONN_evm.model.Sc2ySwM_117.2512.1,HD-ZIP_II
AagrBONN_evm.model.Sc2ySwM_117.2994.1,HD-ZIP_II
AagrBONN_evm.model.Sc2ySwM_117.2512.1,HD-ZIP_III
AagrBONN_evm.model.Sc2ySwM_117.2508.1,HD-ZIP_III
AagrBONN_evm.model.Sc2ySwM_344.3068.1,HD-ZIP_III
AagrBONN_evm.model.Sc2ySwM_344.3068.2,HD-ZIP_III
AagrBONN_evm.model.Sc2ySwM_344.3068.3,HD-ZIP_III
AagrBONN_evm.model.Sc2ySwM_234.1.1,HD-ZIP_III
AagrBONN_evm.model.Sc2ySwM_117.2507.1,HD-ZIP_III
AagrBONN_evm.model.Sc2ySwM_362.879.1,HD-ZIP_III
AagrBONN_evm.model.Sc2ySwM_340.417.1,HD-ZIP_III
AagrBONN_evm.model.Sc2ySwM_117.1606.1,HD-ZIP_III
AagrBONN_evm.model.Sc2ySwM_228.2794.1,HD-ZIP_III
AagrBONN_evm.model.Sc2ySwM_344.3068.1,HD-ZIP_IV
AagrBONN_evm.model.Sc2ySwM_344.3068.2,HD-ZIP_IV
AagrBONN_evm.model.Sc2ySwM_344.3068.3,HD-ZIP_IV
AagrBONN_evm.model.Sc2ySwM_117.2512.1,HD-ZIP_IV
AagrBONN_evm.model.Sc2ySwM_362.879.1,HD-ZIP_IV
AagrBONN_evm.model.Sc2ySwM_228.2794.1,HD-ZIP_IV
AagrBONN_evm.model.Sc2ySwM_340.417.1,HD-ZIP_IV
AagrBONN_evm.model.Sc2ySwM_117.1606.1,HD-ZIP_IV
AagrBONN_evm.model.Sc2ySwM_117.3491.1,HD-ZIP_IV
AagrBONN_evm.model.Sc2ySwM_117.2994.1,HD-ZIP_IV
AagrBONN_evm.model.Sc2ySwM_117.274.1,HD-ZIP_IV
AagrBONN_evm.model.Sc2ySwM_117.274.2,HD-ZIP_IV
AagrBONN_evm.model.Sc2ySwM_117.274.4,HD-ZIP_IV
AagrBONN_evm.model.Sc2ySwM_117.274.3,HD-ZIP_IV
AagrBONN_evm.model.Sc2ySwM_117.110.9,HD-ZIP_IV
AagrBONN_evm.model.Sc2ySwM_117.110.1,HD-ZIP_IV
AagrBONN_evm.model.Sc2ySwM_368.1986.7,KNOX
AagrBONN_evm.model.Sc2ySwM_368.1986.8,KNOX
AagrBONN_evm.model.Sc2ySwM_368.1986.6,KNOX
AagrBONN_evm.model.Sc2ySwM_368.1986.12,KNOX
AagrBONN_evm.model.Sc2ySwM_368.1986.1,KNOX
AagrBONN_evm.model.Sc2ySwM_368.1986.10,KNOX
AagrBONN_evm.model.Sc2ySwM_368.1986.11,KNOX
AagrBONN_evm.model.Sc2ySwM_368.1986.4,KNOX
AagrBONN_evm.model.Sc2ySwM_368.1986.9,KNOX
AagrBONN_evm.model.Sc2ySwM_368.1986.2,KNOX
AagrBONN_evm.model.Sc2ySwM_368.1986.5,KNOX
AagrBONN_evm.model.Sc2ySwM_368.1986.3,KNOX
AagrBONN_evm.model.Sc2ySwM_228.4538.1,KNOX
AagrBONN_evm.model.Sc2ySwM_362.1398.1,LD
AagrBONN_evm.model.Sc2ySwM_117.110.1,PHD
AagrBONN_evm.model.Sc2ySwM_117.110.9,PHD
AagrBONN_evm.model.Sc2ySwM_117.110.3,PHD
AagrBONN_evm.model.Sc2ySwM_117.110.5,PHD
AagrBONN_evm.model.Sc2ySwM_117.110.2,PHD
AagrBONN_evm.model.Sc2ySwM_117.110.8,PHD
AagrBONN_evm.model.Sc2ySwM_117.110.4,PHD
AagrBONN_evm.model.Sc2ySwM_117.110.6,PHD
AagrBONN_evm.model.Sc2ySwM_117.110.7,PHD
AagrBONN_evm.model.Sc2ySwM_362.879.1,PHD
AagrBONN_evm.model.Sc2ySwM_228.2794.1,PHD
AagrBONN_evm.model.Sc2ySwM_117.1606.1,PHD
AagrBONN_evm.model.Sc2ySwM_344.3068.1,PHD
AagrBONN_evm.model.Sc2ySwM_344.3068.2,PHD
AagrBONN_evm.model.Sc2ySwM_344.3068.3,PHD
AagrBONN_evm.model.Sc2ySwM_340.417.1,PHD
AagrBONN_evm.model.Sc2ySwM_117.3491.1,PHD
AagrBONN_evm.model.Sc2ySwM_117.274.2,PHD
AagrBONN_evm.model.Sc2ySwM_117.274.4,PHD
AagrBONN_evm.model.Sc2ySwM_117.274.3,PHD
AagrBONN_evm.model.Sc2ySwM_117.274.1,PHD
AagrBONN_evm.model.Sc2ySwM_362.313.1,PHD
AagrBONN_evm.model.Sc2ySwM_117.2512.1,PHD
AagrBONN_evm.model.Sc2ySwM_117.2994.1,PHD
AagrBONN_evm.model.Sc2ySwM_368.1986.7,PHD
AagrBONN_evm.model.Sc2ySwM_228.5970.1,WOX
AagrBONN_evm.model.Sc2ySwM_344.5108.1,WOX
AagrBONN_evm.model.Sc2ySwM_117.2539.1,WOX
AagrBONN_evm.model.Sc2ySwM_228.1253.1,WOX
AagrBONN_evm.model.Sc2ySwM_117.2847.2,WOX
AagrBONN_evm.model.Sc2ySwM_117.2847.1,WOX
AagrBONN_evm.model.Sc2ySwM_117.2512.1,WOX
